,QB,RB,WR,TE,T,iOL,EDGE,DT,LB,DB
1,0.5959749164186191,0.8227859101966644,0.7154451452407212,0.7788307755956139,0.7335352004832499,0.661565793364826,0.7025370308276012,0.5703551803431434,0.8331147385913116,0.730849260979861
2,0.5917953463583341,0.8199700564954675,0.7112867559975925,0.7756289752377441,0.7304600755505338,0.6592407928094625,0.6990450489079084,0.5678473733560865,0.8303306552798364,0.7281835808964463
3,0.5876024580817725,0.8171194050736231,0.7070924767658315,0.7723943691489479,0.7273626524382486,0.6569081032043701,0.6955298397337486,0.5653360839170642,0.8275097424264919,0.7255014157214401
4,0.5833968203458965,0.8142338416783295,0.7028627194329856,0.7691270121015926,0.7242430724031905,0.6545678123130823,0.6919916630861911,0.5628214363542837,0.8246518335899214,0.7228028590745293
5,0.5791790092114916,0.8113132622581202,0.698597917679386,0.7658269712949421,0.7211014842130674,0.6522200092915907,0.6884307885628753,0.5603035556803287,0.8217567727650088,0.720088008732726
6,0.5749496077446944,0.8083575732752009,0.6942985270132336,0.7624943265669055,0.7179380441874711,0.6498647846790759,0.6848474955663318,0.55778256756799,0.818824414755629,0.7173569666487297
7,0.5707092057100888,0.8053666920170162,0.6899650247806848,0.7591291705993006,0.7147529162343631,0.6475022303881295,0.6812420732843298,0.5552585983258117,0.8158546255482587,0.7146098389674298
8,0.5664583992556924,0.8023405469066168,0.6855979101503438,0.7557316091161836,0.7115462718819532,0.6451324396944693,0.6776148206621359,0.5527317748733632,0.8128472826859601,0.7118467360405019
9,0.5621977905901729,0.7992790778113751,0.681197704071605,0.7523017610748007,0.7083182903058463,0.6427555072261494,0.6739660463665692,0.5502022247162466,0.8098022756422322,0.7090677724390584
10,0.5579279876526448,0.7961822363495917,0.6767649492063362,0.7488397588487115,0.7050691583513437,0.640371528952262,0.6702960687417536,0.5476700759208515,0.8067195061942021,0.7062730669643105
11,0.5536496037754193,0.7930499861945147,0.6723002098334356,0.7453457484026362,0.7017990705507844,0.6379806021711346,0.6666052157564725,0.5451354570888647,0.8035988887946101,0.7034627426562022
12,0.5493632573400883,0.7898823033752839,0.6678040717258505,0.7418198894585809,0.6985082291358164,0.6355828254980215,0.6628938249430506,0.5425984973315475,0.8004403509420226,0.7006369267999769
13,0.5450695714273441,0.7866791765743001,0.6632771419996913,0.7382623556527909,0.6951968440444944,0.6331782988522927,0.6591622433276887,0.5400593262437908,0.7972438335486877,0.6977957509306408
14,0.5407691734609414,0.783440607420507,0.6587200489351348,0.7346733346830927,0.6918651329231029,0.6307671234441202,0.655410827352199,0.537518073877959,0.7940092913054312,0.6949393508352844
15,0.5364626948462301,0.7801666107780607,0.6541334417688615,0.7310530284461861,0.6885133211226091,0.6283494017606639,0.6516399427870917,0.5349748707175327,0.7907366930429712,0.6920678665532279
16,0.5321507706036899,0.7768572150298536,0.6495179904578341,0.7274016531644477,0.6851416416896542,0.6259252375517602,0.6478499646359827,0.5324298476505633,0.7874260220890136,0.6891814423739617
17,0.5278340389979167,0.7735124623553505,0.6448743854142859,0.7237194395018235,0.681750335352002,0.6234947358151144,0.6440412770312998,0.5298831359429494,0.784077276620476,0.6862802268328416
18,0.523513141162513,0.7701324090021829,0.6402033372118434,0.7200066326683886,0.6783396504983596,0.6210580027810015,0.6402142731212812,0.5273348672115472,0.7806904700101702,0.6833643727045177
19,0.5191887207213497,0.7667171255509424,0.6355055762627839,0.7162634925131593,0.6749098431525018,0.6186151458964766,0.6363693549482726,0.5247851733971254,0.7772656311672612,0.6804340369940625
20,0.5148614234066693,0.7632666971726082,0.6307818524664807,0.7124902936047626,0.6714611769416294,0.6161662738090994,0.6325069333183391,0.5222341867371787,0.7738028048708061,0.677489380925775
21,0.5105318966745125,0.7597812238780348,0.6260329348291658,0.708687325299564,0.6679939230589015,0.6137114963501772,0.6286274276622281,0.5196820397386087,0.7703020520956669,0.6745305699296351
22,0.5062007893179513,0.7562608207589262,0.621259611055205,0.7048548917968837,0.6645083602200873,0.6112509245175286,0.6247312658877276,0.5171288651502869,0.7667634503300784,0.6715577736253849
23,0.501868751078619,0.7527056182197142,0.6164626871101448,0.7009933121809286,0.6610047746142897,0.6087846704577744,0.6208188842234799,0.5145747959355095,0.763187093884145,0.6685711658042177
24,0.497536432257032,0.7491157621997621,0.6116429867558679,0.6971029204490975,0.6574834598487025,0.6063128474481593,0.6168907270543253,0.512019965244358,0.7595730941885317,0.6655709244080542
25,0.49320448332219724,0.7454914143853129,0.6068013510582564,0.6931840655263178,0.653944716887365,0.6038355698779091,0.6129472467482663,0.5094645063859768,0.7559215800826111,0.6625572315063917
26,0.48887355452100684,0.741832752410596,0.601938637867837,0.6892371112651049,0.6503888539838916,0.6013529532291301,0.6089889034751506,0.5069085528007803,0.7522326980913184,0.6595302732707088
27,0.48454429548791395,0.7381399700475201,0.5970557212739483,0.6852624364310385,0.6468161866081573,0.598865114057255,0.605016165017193,0.5043522380326009,0.7485066126899719,0.6564902399464159
28,0.4802173548553905,0.7344132773833731,0.5921534910330435,0.6812604346733833,0.6432270373669299,0.5963721699710421,0.6010295065714661,0.5017956957007925,0.7447435065563089,0.6534373258223406
29,0.47589337986566294,0.7306529009859615,0.5872328519718045,0.6772315144805932,0.6396217359184457,0.5938742396121341,0.5970294105445034,0.4992390594722995,0.740943580808992,0.65037172919774
30,0.47157301598421736,0.7268590840556248,0.5822947233658194,0.6731760991204626,0.6360006188809373,0.5913714426341826,0.5930163663391742,0.49668246303370456,0.7371070552318416,0.647293652346835
31,0.46725690651556384,0.7230320865635727,0.5773400382946332,0.6690946265647157,0.6323640297351253,0.5888638996815455,0.5889908701340036,0.4941260400632682,0.7332341684830598,0.6442033014808646
32,0.4629456922217464,0.7191721853759991,0.5723697429740516,0.664987549397841,0.6287123187207002,0.5863517323675645,0.584953424655123,0.49156992420297196,0.7293251782887136,0.6411008867076572
33,0.4586400109440748,0.7152796743634429,0.5673847960666405,0.6608553347100118,0.6250458427268228,0.5838350632524308,0.5809045389410495,0.489014249030577,0.7253803616197568,0.637986621988724
34,0.4543404972285502,0.7113548644948722,0.5623861679714214,0.6566984639739523,0.6213649651766853,0.5813140158206458,0.5768447281005092,0.48645914803171264,0.721400014851884,0.6348607250938775
35,0.45004778195544803,0.7073980839159947,0.5573748400938277,0.6525174329056421,0.6176700559061807,0.5787887144580848,0.5727745130635294,0.4839047545720043,0.717384453907521,0.6317234175533812
36,0.4457624919735144,0.7034096780113023,0.5523518040970361,0.6483127513087767,0.6139614910367382,0.576259284428674,0.5686944203260353,0.4813512018692555,0.7133340143792748,0.628574924607643
37,0.44148524973921743,0.6993900094493839,0.5473180611358469,0.6440849429029287,0.6102396528423912,0.5737258518506873,0.5646049816882063,0.47879862296569525,0.7092490516341822,0.6254154751544616
38,0.43721667296148975,0.6953394582110594,0.5422746210743339,0.6398345451353904,0.6065049296111514,0.571188543672672,0.5605067339868502,0.476247150700304,0.7051299408981235,0.622245301693843
39,0.43295737425238334,0.6912584215999079,0.5372225016885326,0.6355621089767022,0.6027577155007742,0.5686474876490151,0.5564002188220711,0.4736969176812284,0.7009770773197824,0.6190646402704028
40,0.4287079607840459,0.6871473142347907,0.5321627278554811,0.631268198699903,0.5989984103890049,0.566102812315156,0.5522859822785146,0.47114805625829925,0.6967908760135679,0.6158737304133761
41,0.42446903395241575,0.6830065680239902,0.5270963307299655,0.6269533916435776,0.5952274197184101,0.5635546469624585,0.5481645746414865,0.4686006984956631,0.692571772080936,0.6126728150742575
42,0.420241189048016,0.6788366321206183,0.5220243469103582,0.6226182779587942,0.5914451543359,0.5610031216127501,0.54403655010825,0.46605497614454117,0.6883202206095843,0.6094621405620946
43,0.4160250149342166,0.6746379728589731,0.5169478175949737,0.6182634603400726,0.5876520303270614,0.55844836699254,0.5399024664948148,0.4635110206161246,0.6840366966500235,0.6062419564764666
44,0.41182109373331505,0.6704110736715551,0.5118677877303899,0.6138895537405435,0.5838484688454274,0.5558905145069254,0.5357628849385423,0.4609689629546216,0.6797216951690632,0.6030125156381752
45,0.40763000052077153,0.6661564349864834,0.5067853051532096,0.6094971850714995,0.5800348959368167,0.553329696213198,0.5316183695969006,0.45842893381046446,0.6753757309797933,0.5997740740176845
46,0.40345230302791796,0.6618745741050909,0.5017014197267562,0.6050869928865678,0.5762117423588861,0.5507660447941598,0.5274694873427042,0.4558910634136913,0.6709993386476757,0.596526890661343
47,0.3992885613534418,0.6575660250595053,0.49661718247421216,0.6006596270507689,0.5723794433960463,0.5481996935311619,0.5233168074561886,0.45335548154751043,0.6665930723724066,0.5932712276154286
48,0.39513932768393006,0.6532313384500666,0.4915336447097211,0.5962157483947571,0.5685384386698985,0.5456307762768747,0.5191609013142718,0.4508223175220626,0.6621575058452521,0.5900073498480551
49,0.39100514602373787,0.6488710812624614,0.48645185716897804,0.5917560283545681,0.5646891719453571,0.543059427427804,0.5150023420773583,0.44829170014838826,0.6576932320816087,0.5867355251689875
50,0.3868865519344305,0.6444858366644997,0.4813728691408362,0.5872811485972401,0.5608320909326312,0.5404857818965627,0.5108417043740526,0.44576375771261406,0.6532008632285832,0.5834560241474092
51,0.3827840722840282,0.6400762037824955,0.4762977276014542,0.5827918006326928,0.5569676470852462,0.537909975083911,0.5066795639841474,0.4432386179503677,0.6486810303474428,0.5801691200276908
52,0.37869822500626177,0.6356427974572544,0.47122747635250084,0.5782886854122914,0.5530962953942878,0.5353321428505767,0.5025164975202562,0.44071640802143114,0.6441343831708297,0.5768750886432127
53,0.3746295188700321,0.6311862479797115,0.46616315516492157,0.5737725129145476,0.5492184941790671,0.5327524214888688,0.49835308210846824,0.4381972544846455,0.6395615898346948,0.5735742083282932
54,0.370578453259243,0.6267072008063082,0.4611057989297545,0.5692440017184378,0.5453347048744,0.5301709476940959,0.4941898950683961,0.4356812832730743,0.6349633365849536,0.5702667598282795
55,0.36654551796316187,0.6222063162542368,0.4560564368174633,0.5647038785648524,0.5414453918147104,0.5275878585358021,0.4900275135929966,0.4331686196694377,0.6303403274589259,0.5669530262078584
56,0.362531192977438,0.6176842691767247,0.45101609144722693,0.5601528779067115,0.5375510220151651,0.5250032914288346,0.4858665144285406,0.43065938828182665,0.6256932839416759,0.5636332927576486
57,0.3585359483158949,0.6131417486185741,0.44598577806759904,0.5555917414483162,0.5336520649500562,0.5224173841042534,0.48170747355510857,0.4281537130197066,0.6210229445974251,0.5603078468991359
58,0.35456024383318724,0.608579457452221,0.44096650374991414,0.5510212176745215,0.5297489923286531,0.5198302745800985,0.4775509658679897,0.4256517170702207,0.6163300646762718,0.5569769780880158
59,0.3506045290584007,0.6039981119946138,0.43595926659578105,0.5464420613703502,0.5258422778687468,0.5172421011320255,0.47339756486035506,0.42315352287480096,0.6116154156965051,0.5536409777160117
60,0.3466692430396478,0.5993984416052621,0.4309650549599619,0.5418550331316834,0.5219323970681177,0.5146530022638262,0.46924784230758076,0.4206592521060977,0.6068797850028628,0.5503001390112348
61,0.3427548141996974,0.5947811882658455,0.42598484668989123,0.5372608988676866,0.5180198269741567,0.5120631166778428,0.4651023679535851,0.41816902564523434,0.6021239753011385,0.5469547569371589
62,0.3388616602026566,0.5901471061418199,0.4210196083830394,0.5326604292956538,0.5141050459518799,0.5094725832452933,0.460961709199547,0.4156829635593974,0.597348804169606,0.5436051280902803
63,0.3349901878317044,0.5854969611264984,0.41607029466327644,0.5280543994289636,0.5101885334505699,0.5068815409765192,0.4568264307953633,0.4132011850797698,0.5925551035477795,0.5402515505965371
64,0.3311407928778595,0.5808315303681252,0.41113784747733256,0.523443588058866,0.5062707697692905,0.5042901289911701,0.4526970945341993,0.4107238085798155,0.5877437192030942,0.5368943240065643
65,0.32731386003974705,0.5761516017805075,0.40622319541240043,0.5188287772308268,0.5023522358215149,0.5016984864883384,0.4485742589504809,0.40825095155392277,0.5829155101761442,0.5335337491898612
66,0.3235097628343109,0.5714579735378036,0.4013272530358612,0.514210751716175,0.49843341289911225,0.49910675271665705,0.4444584790216677,0.40578273059641445,0.5780713482051669,0.5301701282279484
67,0.31972886351840296,0.5667514535541113,0.3964509202580543,0.5095902984798087,0.49451478243594094,0.49651506694437575,0.4403503058741415,0.4033192613809318,0.5732121171305279,0.5268037643065967
68,0.31597151302116444,0.5620328589485342,0.3915950817189495,0.5049682061447213,0.4905968257712916,0.49392356842942764,0.43625028649353603,0.4008606586402001,0.5683387122799991,0.5234349616072068
69,0.3122380508870962,0.557303015496442,0.3867606061995125,0.500345264454124,0.486680023913431,0.4913323963895002,0.432158963439822,0.39840703614618106,0.5634520398356898,0.520064025197423
70,0.3085288052297042,0.5525627570676768,0.3819483460584889,0.4957222637319423,0.4827648573034889,0.48874168997212575,0.4280768745674578,0.3959585066906205,0.558553016183525,0.5166912609210624
71,0.30484409269558765,0.5478129250524876,0.377159136695264,0.49109999434246815,0.47885180557993956,0.48615158822480253,0.4240045527509005,0.3935151820659964,0.5536425672462262,0.5133169752874471
72,0.30118421843882576,0.5430543677760117,0.3723937960393866,0.4864792461499537,0.47494134734391746,0.4835622300651632,0.4199425256157655,0.39107717304687295,0.5487216278007836,0.50994147536022
73,0.2975494761055056,0.5382879399021467,0.3676531240672757,0.4818608079789317,0.4710339599256148,0.4809737542512005,0.4158913152759108,0.3886445893716673,0.5437911407814617,0.5065650686457326
74,0.29394014782821865,0.5335145018276871,0.36293790234655837,0.47724546707604587,0.46713011915200064,0.4783862993515673,0.4118514380767097,0.3862175397248343,0.5388520565694108,0.5031880629810896
75,0.29035650423034526,0.5287349190676253,0.3582488936084196,0.4726340085741685,0.46323029911610164,0.4758000037159626,0.4078234043447663,0.383796131719474,0.5339053322700043,0.49981076642193834
76,0.2867988044399315,0.5239500616325377,0.3535868413482724,0.4680272149595826,0.45933497194808004,0.4732150054456169,0.40380771814431304,0.381380471880366,0.5289519309790458,0.49643348713008667
77,0.28326729611295365,0.5191608033989997,0.3489524694549875,0.46342586554299287,0.4554446075883442,0.4706314423638902,0.3998048770405202,0.37897066562743736,0.5239928210390326,0.49305653326104065
78,0.279762215465756,0.5143680214739925,0.3443464818688576,0.4588307359351199,0.45155967356291876,0.46804945198699816,0.39581537186993143,0.3765668172596664,0.51902897528668,0.48968021285154595
79,0.27628378731643716,0.5095725955542764,0.3397695622683968,0.4542425975276288,0.44768063476130265,0.4654691714948748,0.39183968651822787,0.3741690299394269,0.5140613702929421,0.48630483370722194
80,0.27283222513495153,0.5047754072817247,0.33522237378601394,0.4496622169801169,0.4438079532170346,0.46289073770219075,0.3878782977055114,0.3717774056772773,0.5090909855967856,0.4829307032903742
81,0.26940773110168637,0.4999773395956186,0.33070555875253294,0.4450903557138845,0.4399420878911838,0.46031428702953503,0.38393167477928,0.36939204531719727,0.5041188029339886,0.47955812860807345
82,0.2660104961742647,0.49517927608291235,0.32621973847046687,0.4405277694131853,0.43608349445897665,0.4577399554747751,0.3800002795152578,0.367013048522275,0.4991458054622519,0.4761874161005878
83,0.26264070016232044,0.49038210032748647,0.3217655130158938,0.4359752075346397,0.4322326250997659,0.45516787858460905,0.37608456592622863,0.3646405137608486,0.49417297698392254,0.4728188715302516
84,0.25929851180998414,0.4855866952594046,0.31734346106872047,0.43143341282547437,0.4283899282905428,0.4525981914263197,0.37218498007900525,0.36227453829310413,0.48920130116763366,0.4694527998708603
85,0.25598408888581436,0.48079394250519375,0.3129541397710617,0.42690312085122906,0.4245558486031848,0.45003102855974586,0.3683019599196533,0.3599152181581313,0.48423176077016794,0.46608950519767217
86,0.25269757827990363,0.4760047217401634,0.308598084613409,0.42238505953354777,0.4207308265056296,0.44746652400948067,0.36443593510707806,0.35756264816144107,0.47926533685985573,0.4627292905781041
87,0.24943911610788466,0.47121991004377173,0.3042758093482073,0.4178799486986515,0.4169152981671532,0.44490481123730946,0.36058732685506273,0.3552169218629446,0.474303008042806,0.4593724579632022
88,0.24620882782155934,0.4664403812590433,0.2999878059304083,0.4133884996370592,0.41310969526792807,0.44234602311490173,0.35675654778283605,0.3528781315653973,0.4693457496932707,0.4560193080799703
89,0.24300682832587064,0.46166700535702715,0.2957345444845196,0.40891141467509995,0.40931444481302803,0.4397902918967632,0.3529440017742337,0.35054636830330604,0.4643945331894212,0.45267014032463687
90,0.2398332221019343,0.4569006478072733,0.2915164732976246,0.40444938675873343,0.4055299689510388,0.4372377491934658,0.34915008384550084,0.3482217218323047,0.45945032515580625,0.44932525265693996
91,0.23668810333584764,0.4521421689552895,0.2873340188378045,0.4000030990501623,0.4017566847974265,0.434688525945162,0.34537518002177325,0.34590428061899425,0.454514086713741,0.44598494149550927
92,0.23357155605299063,0.4473924234079213,0.2831875857973517,0.39557322453769667,0.39799500426280726,0.432142752395397,0.3416196672222572,0.34359413183125065,0.4495867727408504,0.44264950161442074
93,0.23048365425753464,0.44265225942757597,0.2790775571601305,0.3911604256592945,0.39424533388625477,0.4296005580652288,0.33788391315411703,0.34129136132900006,0.4446693311409692,0.4393192260409997
94,0.2274244620768743,0.43792251833619167,0.27500429429240264,0.3867653539401776,0.39050807467377335,0.42706207172766614,0.3341682762150673,0.33899605365545993,0.4397627021255672,0.4359944059549479
95,0.22439403391069992,0.4332040339298219,0.2709681370564058,0.38238864964488495,0.38678362194205473,0.4245274213824367,0.3304731054046485,0.33670829202884733,0.4348678175078385,0.43267533058886287
96,0.22139241458442646,0.42849763190468315,0.266969403945945,0.3780309414440985,0.38307236516763093,0.4219967342310925,0.326798740244159,0.33442815833455286,0.429985600010557,0.42936228713022395
97,0.21841963950670118,0.42380412929548045,0.2630083922432281,0.3736928460965404,0.3793746878415256,0.4194701366524654,0.3231455107051988,0.33215573311777835,0.4251169625887616,0.42605556062490985
98,0.21547573483070967,0.4191243339267945,0.2590853781961592,0.3693749681462127,0.3756909673294967,0.41694775417847996,0.31951373714677084,0.3298910955766397,0.4202628077682942,0.4227554338823166
99,0.21256071761900683,0.4144590438782822,0.2552006172152772,0.36507789963521114,0.37202157473795644,0.4144297114703343,0.31590373026087276,0.32763432355573013,0.41542402700116904,0.4194621873821391
100,0.20967459601159905,0.40980904696440495,0.2513543440895159,0.3608022198323204,0.36836687478564484,0.4119161322950579,0.3123157910265021,0.32538549354014473,0.4106015000387073,0.41617609918287846
101,0.20681736939701045,0.4051751202293644,0.24754677321994284,0.35654849497755864,0.36472722568112503,0.409407139502454,0.30875021067198555,0.32314468064996343,0.4057960943233198,0.4128974448321359
102,0.20398902858606807,0.40055802945788566,0.24377809887062699,0.3523172780428093,0.3611029790061583,0.40690285500243645,0.3052072706455324,0.3209119586351896,0.40100866439977423,0.40962649727875067
103,0.20118955598814514,0.3959585287024503,0.24004849543577172,0.3481091085086479,0.35749447960501135,0.4044033997427684,0.30168724259390345,0.3186873998711429,0.39624005134672835,0.40636352678683785
104,0.19841892578960754,0.3913773598275401,0.2363581177222474,0.3439245121574353,0.35390206547973513,0.4019088936872114,0.2981903883490765,0.3164710753543036,0.3914910822292575,0.4031088008517788
105,0.19567710413421238,0.3868152520714108,0.2327071012466518,0.33976400088272196,0.3503260676914499,0.3994194557940911,0.2947169599227776,0.31426305469860377,0.38676256957305183,0.39986258411821557
106,0.19296404930521277,0.38227292162587345,0.2290955625460257,0.3356280725149733,0.3467668102676619,0.39693520399528875,0.29126719950874386,0.31206340613216604,0.3820553108608994,0.39662513830009777
107,0.190279711908929,0.3777510712345199,0.22552359950135337,0.33151721066359774,0.34322461011562516,0.3944562551756639,0.2878413394925697,0.3098721964944823,0.37737008805201866,0.3933967221028272
108,0.18762403505955197,0.37325038980978015,0.22199129167297718,0.3274318845752295,0.3396997769417598,0.3919827251529167,0.2844396024689845,0.3076894912340315,0.37270766712474096,0.3901775911475443
109,0.1849969545649492,0.3687715520691639,0.21849870064706606,0.3233725490081872,0.3361926131771244,0.3895147286578934,0.28106220126639897,0.3055153544063327,0.3680687976429883,0.3869679978975976
110,0.18239839911325229,0.36431521819098583,0.21504587039228037,0.31933964412300414,0.33270341390893454,0.3870523793153453,0.2777093389785548,0.3033498486724283,0.3634542123469362,0.38376819158723297
111,0.17982829046000898,0.35988203348983855,0.21163282762578797,0.31533359538889605,0.32923246681811236,0.38459578962514235,0.27438120900310026,0.30119303529779445,0.3588646267681858,0.3805784181525402
112,0.17728654361568996,0.35547262811202485,0.20825958218779497,0.31135481350600774,0.32578005212284145,0.38214507094395034,0.27107799508691416,0.2990449741516737,0.3543007388697171,0.377398920164689
113,0.1747730670333474,0.3510876167511257,0.20492612742377034,0.30740369434325404,0.3223464425280983,0.3797003334673753,0.2677998713779904,0.29690572370682616,0.34976322871083393,0.3742299367654847
114,0.17228776279622865,0.34672759838383127,0.2016324405735548,0.30348061889154426,0.31893190318111847,0.37726168621258005,0.2645470024836936,0.29477534103969366,0.34525275813725687,0.37107170360527203
115,0.16983052680515523,0.3423931560261195,0.1983784831665624,0.29958595323216114,0.3155366916327546,0.37482923700137766,0.2613195435351894,0.29265388183097285,0.34076997049645774,0.3679244527832121
116,0.16740124896548408,0.33808485650983044,0.19516420142229907,0.2957200485200361,0.3121610578046711,0.3724030924438058,0.258117640257851,0.29054140036659193,0.33631549037828096,0.36478841278995455
117,0.16499981337347477,0.33380325027963464,0.19198952665544167,0.2918832409816474,0.30880524396231745,0.3699833579221863,0.2549414290474387,0.288437949539086,0.3318899233808348,0.36166380845272533
118,0.16262609850189405,0.32954887121036053,0.18885437568474034,0.28807585192724594,0.3054694846936136,0.3675701375756725,0.25179103705184597,0.28634358084936595,0.32749385590158886,0.3585508608828468
119,0.16027997738469446,0.3253222364446019,0.18575865124502625,0.28429818777709326,0.3021540068932751,0.36516353428528925,0.2486665822582039,0.28425834440887504,0.32312785495355506,0.3554497874257053
120,0.15796131780061246,0.32112384625049,0.18270224240163035,0.2805505401013811,0.29885902975270046,0.36276364965946667,0.2455681735851334,0.28218228894212793,0.31879246800638367,0.35236080161317795
121,0.1556699824555373,0.3169541838994752,0.17968502496653915,0.27683318567348525,0.2955847647553366,0.36037058402007127,0.24249591097993153,0.280115461789627,0.3144882228521563,0.34928411311852753
122,0.153405829163509,0.31281371556393106,0.17670686191563653,0.2731463865361897,0.29233141567743204,0.3579844363889372,0.23944988552047883,0.27805790891114873,0.3102156274956066,0.3462199277137732
123,0.1511687110262109,0.3087028902343533,0.17376760380640596,0.26949039008050635,0.28909917859408546,0.3556053044748978,0.2364301795216525,0.2760096748893961,0.30597517006845965,0.34316844722954093
124,0.14895847661082887,0.30462213965589885,0.17086708919548782,0.2658654291366994,0.28588824189048795,0.35323328466132153,0.23343686664602992,0.2739708029340093,0.30176731876753193,0.3401298695173948
125,0.14677497012615584,0.30057187828397125,0.16800514505551448,0.2622717220771159,0.28269878627825645,0.35086847199415155,0.2304700120186679,0.27194133488592986,0.2975925218161991,0.33710438841464957
126,0.14461803159682768,0.296552503258537,0.16518158719066778,0.25870947293041185,0.27953098481674965,0.3485109601704512,0.22752967234574076,0.2699213112221107,0.29345120744879144,0.3340921937116605
127,0.1424874970355819,0.2925643943968182,0.1623962206504296,0.25517887150675433,0.2763850029392527,0.3461608415274554,0.22461589603682408,0.26791077106056777,0.28934378391744764,0.33109347112158527
128,0.1403831986134383,0.2886079142039906,0.1596488401410211,0.2516800935335726,0.27326099848391655,0.34381820703212934,0.22172872333061017,0.265909752165764,0.28527063952091797,0.32810840225261
129,0.1383049648277064,0.28468340790148106,0.1569392304340498,0.2482133008014277,0.2701591217293299,0.3414831462712331,0.21886818642384318,0.2639182909543221,0.28123214265477836,0.325137164582629
130,0.13625262066773097,0.28079120347244024,0.1542671667719108,0.2447786413195587,0.2670795154346023,0.33915574744189375,0.2160343096032626,0.26193642250105725,0.27722864188248414,0.322179931436366
131,0.13422598777829314,0.27693161172394487,0.15163241526951118,0.24137624948066513,0.26402231488383154,0.3368360973426835,0.21322710938034742,0.25996418054532405,0.2732604660266672,0.31923687196492195
132,0.13222488462059045,0.27310492636545636,0.14903473331191203,0.23800624623448083,0.2609876479348272,0.3345242813652027,0.2104465946286541,0.2580015974976715,0.2693279242800553,0.31630815112773303
133,0.13024912663072552,0.26931142410305486,0.14647386994750836,0.2346687392696892,0.2579756350719582,0.33222038348616806,0.2076927667235449,0.2560487044467978,0.2654313063353655,0.3133939296769191
134,0.1282985263756384,0.2655513647489396,0.14394956627638775,0.23136382320373378,0.2549863894629925,0.32992448626000315,0.204965619684105,0.2541055311667994,0.26157088253350863,0.3104943641440023
135,0.12637289370642318,0.2618249913456812,0.14146155583353642,0.22809157978007524,0.25202001701979304,0.32763667081193143,0.20226514031705164,0.25217210612470714,0.25774690402941985,0.307609606828973
136,0.12447203590897554,0.2581325303046892,0.13900956496658232,0.2248520780724465,0.24907661646273302,0.32535701683156776,0.1995913083624391,0.25024845648830174,0.25395960297481684,0.30473980579167714
137,0.12259575785192264,0.25447419155835455,0.13659331320778742,0.22164537469566187,0.24615627938869308,0.32308560256700863,0.1969440966409701,0.24833460813420274,0.2502091927171711,0.3018851048455001
138,0.12074386213179204,0.2508501687253091,0.1342125136400269,0.21847151402253737,0.2432590903425007,0.32082250481941627,0.19432347120272483,0.24643058565622344,0.24649586801417078,0.29904564355331614
139,0.11891614921538164,0.24726063928824243,0.13186687325651045,0.21533052840648312,0.24038512689167216,0.3185677989380961,0.19172939147712503,0.24453641237398463,0.24281980526293992,0.29622155722567617
140,0.11711241757929741,0.2437057647837037,0.12955609331402648,0.21222243840933458,0.2375344597043164,0.3163215588160636,0.18916181042395336,0.2426521103417801,0.23918116274327722,0.29341297692119955
141,0.11533246384662987,0.24018569100331594,0.12727986967950802,0.20914725303399187,0.2347071526300596,0.31408385688609697,0.18662067468525254,0.24077770035768745,0.2355800808741672,0.2906200294491371
142,0.1135760829207456,0.23670054820582143,0.12503789316974068,0.20610496996144576,0.2319032627838504,0.31185476411727375,0.18410592473793405,0.23891320197291588,0.23201668248281931,0.28784283737407224
143,0.11184306811617402,0.23325045133938058,0.12282984988405278,0.2030955757917738,0.22912284063250282,0.3096343500119861,0.18161749504693003,0.23705863350138542,0.22849107308548658,0.2850815190227208
144,0.11013321128657381,0.2298355002735391,0.12065542152984533,0.20011904628869634,0.22636593008383843,0.30742268260343175,0.1791553142187258,0.2352140120295293,0.22500334117931814,0.28233618849279446
145,0.10844630294976745,0.22645578004028472,0.11851428574083989,0.19717534662729205,0.22363256857828648,0.3052198284535765,0.1767193051551169,0.23337935342631244,0.22155355854450196,0.2796069556638879
146,0.10678213240983656,0.2231113610836129,0.1164061163879381,0.19426443164448057,0.22092278718280267,0.30302585265158377,0.17430938520703845,0.23155467235346003,0.21814178055596045,0.27689392621034864
147,0.10514048787627407,0.21980229951702637,0.11433058388260509,0.19138624609188704,0.2182366106869682,0.3008408188127069,0.1719254663283181,0.2297399822758879,0.21476804650386633,0.2741972016160901
148,0.10352115658019291,0.21652863738839567,0.11228735547270455,0.18854072489071425,0.2155740577011319,0.29866478907763894,0.1695674552292123,0.22793529547232796,0.2114323799222559,0.2715168791913039
149,0.10192392488759426,0.21329040295161503,0.1102760955307287,0.1857277933882587,0.2129351407564588,0.296497824112316,0.1672352535295863,0.22614062304614255,0.20813478892502424,0.26885305209102833
150,0.10034857840970215,0.21008761094449438,0.10829646583438199,0.18294736761571376,0.21031986640675146,0.29433998310816784,0.164928757911607,0.22435597493631912,0.2048752665486,0.26620580933552995
151,0.09879490211037319,0.2069202628723344,0.10634812583949098,0.18019935454691663,0.20772823533190982,0.2921913237828116,0.16264786027182007,0.22258135992863945,0.20165379110060766,0.26357523583245157
152,0.09726268041059456,0.20378834729664289,0.1044307329452268,0.17748365235770594,0.20516024244289932,0.2900519023811822,0.16039244787248957,0.22081678566701632,0.1984703265138399,0.2609614124006812
153,0.09575169729008493,0.20069184012845678,0.1025439427516392,0.17480015068556568,0.202615876988097,0.2879217736770947,0.15816240349208288,0.21906225866499004,0.195324822704875,0.25836441579589653
154,0.0942617363860163,0.19763070492574777,0.10068740930951371,0.17214873088924493,0.20009512266088916,0.2858009909752313,0.15595760557478747,0.21731778431737858,0.19221721593669344,0.2557843187377358
155,0.0927925810888773,0.19460489319439794,0.09886078536257452,0.1695292663080533,0.19759795770839456,0.2836896061135493,0.1537779283789538,0.21558336691207464,0.18914742918465904,0.2532211899385489
156,0.09134401463550017,0.1916143446922465,0.0970637225820668,0.16694162252054218,0.1951243550411909,0.2815876694661017,0.1516232421243609,0.2138590096419819,0.18611537250525195,0.25067509413368005
157,0.08991582019927673,0.1886589877357168,0.09529587179376296,0.1643856576022952,0.19267428234392378,0.27949522994626497,0.14949341313820758,0.21214471461708465,0.18312094340695487,0.248146092113232
158,0.08850778097759006,0.18573873950855144,0.09355688319744557,0.1618612223825627,0.1902477021866795,0.2774123350103686,0.14738830399973693,0.21044048287664432,0.18016402722271593,0.24563424075526552
159,0.08711968027649082,0.1828535063721913,0.09184640657893042,0.1593681606994846,0.18784457213700764,0.27533903066171816,0.1453077736834065,0.20874631440151453,0.17724449748342702,0.2431395930603823
160,0.08575130159264896,0.18000318417735323,0.09016409151470015,0.1569063096536613,0.18546484487247944,0.2732753614550059,0.14325167770052138,0.20706220812657092,0.17436221629187892,0.24066219818764262
161,0.08440242869261315,0.17718765857637053,0.08850958756922717,0.1544754998598403,0.18310846829367228,0.27122137050110307,0.1412198682392519,0.20538816195324633,0.17151703469667307,0.23820210149176885
162,0.08307284568941194,0.1744068053358804,0.08688254448507231,0.15207555569649958,0.1807753856374735,0.26917709947222507,0.139212194302963,0.2037241727621671,0.16870879306559067,0.23575934456158368
163,0.08176233711653191,0.17166049064945327,0.08528261236585134,0.14970629555312145,0.17846553559059794,0.2671425886074647,0.13722850184678656,0.202070236425883,0.16593732145793974,0.23333396525963457
164,0.08047068799930972,0.16894857144977576,0.08370944185216873,0.14736753207495867,0.17617885240321943,0.26511787671868453,0.13526863391237173,0.2004263478216849,0.16320243999542208,0.23092599776295294
165,0.07919768392377577,0.16627089572001577,0.08216268429062246,0.14505907240510887,0.1739152660026165,0.2631030011967619,0.13333243076075438,0.19879250084450356,0.16050395923108313,0.228535472604901
166,0.07794311110298864,0.16362730280401064,0.0806419918959899,0.1427807184237239,0.17167470210673752,0.2610979980181797,0.1314197300032896,0.19716868841988439,0.15784168051592734,0.22616241671805343
167,0.07670675644090036,0.16101762371493894,0.07914701790670879,0.14053226698418997,0.16945708233759205,0.25910290175195544,0.12953036673059626,0.19555490251703056,0.15521539636280432,0.22380685347806742
168,0.07548840759379312,0.1584416814421478,0.0776774167337713,0.13831351014612756,0.16726232433438015,0.2571177455668997,0.12766417363946633,0.19395113416191007,0.15262489080719005,0.2214688027484897
169,0.0742878530293299,0.15589929125582747,0.07623284410315405,0.13612423540506943,0.1650903418662727,0.2551425612391995,0.1258209811576963,0.19235737345041973,0.1500699397645102,0.21914828092645375
170,0.07310488208326056,0.15339026100923736,0.07481295719190834,0.13396422591868523,0.16294104494475944,0.25317737916031513,0.12400061756680135,0.19077360956160125,0.14755031138367045,0.2168453009892167
171,0.071939285013827,0.15091439143820518,0.07341741475803977,0.13183326072943208,0.16081433993548536,0.2512222283451873,0.12220290912257704,0.18919983077090222,0.1450657663964819,0.21455987254148862
172,0.07079085305391095,0.1484714764576351,0.07204587726430733,0.1297311149835207,0.15871012966949732,0.24927713644074245,0.12042768017347703,0.18763602446347827,0.142616058462687,0.212292001863508
173,0.06965937846096827,0.1460613034547775,0.07069800699607504,0.1276575601460947,0.1566283135538286,0.24734212973469172,0.11867475327677918,0.18608217714752945,0.14020093451031393,0.2100416919598128
174,0.06854465456479442,0.14368365357902596,0.06937346817335081,0.12561236421253186,0.1545687876813492,0.24541723316461553,0.11694394931251467,0.1845382744676655,0.1378201350711036,0.20780894260866395
175,0.06744647581316554,0.14133830202802472,0.06807192705714823,0.12359529191578517,0.152531444939815,0.2435024703273232,0.11523508759514087,0.18300430121829567,0.1354733946107751,0.2055937504120724
176,0.06636463781540033,0.13902501832988134,0.06679305205030857,0.12160610492968843,0.15051617512005108,0.24159786348848447,0.11354798598293833,0.1814802413570365,0.13316044185391326,0.20339610884638648
177,0.06529893738388784,0.1367435666212968,0.065536513792921,0.11964456206816282,0.14852286502320722,0.23970343359252042,0.11188246098511881,0.17996607801813347,0.13088100010327894,0.20121600831339195
178,0.06424917257362614,0.13449370592143714,0.06430198525247914,0.11771041948026652,0.14655139856702756,0.23781920027274964,0.11023832786663194,0.17846179352589062,0.12863478755336216,0.19905343619188315
179,0.06321514271981749,0.1322751904013853,0.06308914180891304,0.11580343084103885,0.1446016568910784,0.23594518186177965,0.1086154007506624,0.1769673694081037,0.12642151759801404,0.19690837688966034
180,0.06219664847356481,0.13008776964902613,0.06189766133463478,0.11392334753809824,0.14267351846088178,0.23408139540213682,0.10701349271881178,0.17548278640949203,0.12424089913201182,0.19478081189590934
181,0.06119349183571504,0.12793118892922828,0.0607272242697364,0.11206991885395996,0.14076685917090484,0.23222785665712609,0.1054324159089619,0.1740080245051237,0.12209263684642492,0.19267071983392406
182,0.060205476188893936,0.12580518943920335,0.059577513692478164,0.11024289214404745,0.13888155244635828,0.23038458012191407,0.10387198161081958,0.17254306291382995,0.11997643151766833,0.1905780765141273
183,0.05923240632777746,0.1237095085589303,0.058448215385203936,0.10844201301037781,0.13701746934375963,0.22855157903482673,0.10233200035914457,0.1710878801116044,0.1178919802901435,0.18850285498735242
184,0.058274088487644246,0.12164388009654979,0.05733901789582091,0.10666702547090841,0.13517447865022036,0.22672886538885312,0.10081228202466509,0.16964245384498156,0.11583897695238116,0.18644502559834306
185,0.057330330371253437,0.11960803452864102,0.056249612594978175,0.10491767212453763,0.13335244698141785,0.2249164499433502,0.09931263590268813,0.16820676114439156,0.11381711220661524,0.1844045560394348
186,0.05640094117409192,0.11760169923530786,0.05517969372907878,0.10319369431176027,0.1315512388782168,0.2231143422359374,0.09783287079941257,0.166780778337486,0.1118260739317303,0.18238141140437863
187,0.05548573160803462,0.11562459873000917,0.05412895846925805,0.1014948322709811,0.12977071690190592,0.22132255059457687,0.09637279511595717,0.16536448106243104,0.10986554743953841,0.18037555424226978
188,0.054584513923461205,0.1136764548840816,0.053097106956458986,0.09982082529049838,0.12801074172802018,0.21954108214982854,0.094932216930115,0.16395784428116342,0.10793521572435126,0.17838694461154608
189,0.05369710192987185,0.11175698714591019,0.05208384234273511,0.09817141185617266,0.12627117223871975,0.21776994284727488,0.09351094407585027,0.162560842292606,0.10603475970582953,0.1764155401340192
190,0.0528233110150447,0.10986591275471438,0.05108887082890784,0.09654632979480131,0.12455186561369955,0.2160091374601069,0.09210878422055319,0.1611734487458383,0.10416385846509785,0.17446129604890578
191,0.05196295816277682,0.108002946948924,0.05011190169870501,0.09494531641322393,0.12285267741960702,0.21425866960186296,0.09072554494007144,0.15979563665321853,0.10232218947412824,0.17252416526682324
192,0.05111586196925003,0.10616780316913113,0.049152647349504225,0.09336810863318894,0.12117346169794523,0.21251854173931511,0.08936103379153763,0.15842737840345372,0.10050942881840319,0.1706040984237192
193,0.050281842658062556,0.10436019325560926,0.04821082331980316,0.09181444312201377,0.11951407105144443,0.2107887552054935,0.08801505838401422,0.15706864577461394,0.09872525141287825,0.16870104393470117
194,0.049460722093966944,0.10257982764040115,0.04728614831353687,0.09028405641907745,0.11787435672888368,0.2090693102128427,0.08668742644697806,0.15571940994708763,0.09696933121127599,0.16681494804773714
195,0.048652323795353766,0.10082641553398498,0.046378344221359454,0.0887766850581858,0.1162541687083489,0.20736020586650278,0.0853779458966686,0.15437964151647401,0.09524134140874908,0.16494575489719648
196,0.047856472945520444,0.09909966510653268,0.04548713613900581,0.08729206568585374,0.11465335577891421,0.20566144017770688,0.08408642490032443,0.15304931050641013,0.0935409546379583,0.16309340655720178
197,0.04707299640276384,0.09739928366378439,0.04461225238284649,0.08582993517555317,0.1130717656207365,0.20397301007728996,0.08281267193833475,0.15172838638132885,0.0918678431586211,0.16125784309476518
198,0.04630172270933427,0.09572497781756735,0.043753424502746344,0.08439003073797542,0.11150924488355429,0.2022949114292995,0.08155649586433218,0.15041683805914477,0.09022167904059095,0.1594390026226801
199,0.04554248209928865,0.09407645365099522,0.04291038729233587,0.08297209002736254,0.10996563926358392,0.20062713904470383,0.08031770596325556,0.14911463392386512,0.08860213434053456,0.15763682135214444
200,0.04479510650527909,0.09245341687838723,0.04208287879680037,0.08157585124396254,0.10844079357880848,0.19896968669518825,0.07909611200741132,0.14782174183812355,0.08700888127228229,0.15585123364508816
201,0.044059429564313225,0.09085557299995468,0.04127064031829142,0.0802010532326663,0.10693455184265603,0.19732254712703537,0.07789152431056297,0.14653812915563225,0.08544159237092881,0.15408217206618277
202,0.043335286622521375,0.08928262745130491,0.040473416419061256,0.07884743557788602,0.10544675733606493,0.19568571207507995,0.07670375378007958,0.14526376273355174,0.0838999406507705,0.15232956743450782
203,0.042622514738965514,0.08773428574781957,0.039690954922418586,0.07751473869473724,0.1039772526779373,0.19405917227673405,0.07553261196717394,0.14399860894477445,0.08238359975716723,0.15059334887485334
204,0.04192095268852375,0.0862102536239661,0.03892300691160268,0.07620270391658704,0.10252587989398118,0.1924429174860748,0.07437791111526201,0.14274263369012033,0.08089224411242309,0.14887344386863666
205,0.04123044096388395,0.08471023716760781,0.03816932672666846,0.07491107357903398,0.10109248048394473,0.19083693648798825,0.07323946420647613,0.14149580241044135,0.07942554905578217,0.14716977830441177
206,0.04055082177667883,0.083233942949379,0.03742967195947479,0.07363959110038548,0.09967689548724676,0.18924121711236394,0.07211708500636416,0.14025808009863344,0.07798319097764161,0.14548227652795376
207,0.039881939057794774,0.08178107814719796,0.036703803446864226,0.07238800105869998,0.09827896554700914,0.1876557462483328,0.07101058810680795,0.13902943131155326,0.07656484744808559,0.14381086139189767
208,0.0392236384568854,0.0803513506659905,0.03599148526212031,0.07115604926546208,0.09689853097249834,0.1860805098585437,0.06991978896719409,0.1378098201818375,0.07517019733984609,0.14215545430491552
209,0.038575767341120656,0.0789444692527022,0.03529248470478713,0.06994348283596002,0.09553543179998386,0.184515492993471,0.06884450395387086,0.136599210429623,0.07379892094580186,0.14051597528041299
210,0.03793817479320121,0.07756014360667829,0.034606572288931596,0.06875005025643485,0.09418950785202314,0.18296067980574846,0.06778455037792494,0.13539756537416617,0.07245070009112496,0.1388923429847312
211,0.03731071160866735,0.07619808448549402,0.03393352172992828,0.06757550144807183,0.09286059879518366,0.18141605356452364,0.06673974653131215,0.1342048479453583,0.07112521824018977,0.13728447478483768
212,0.036693230292531034,0.07485800380631802,0.03327310992984326,0.06641958782790501,0.09154854419621253,0.179881596669826,0.06570991172137602,0.1330210206951372,0.06982216059835895,0.13569228679549147
213,0.036085585055258856,0.0735396147428957,0.03262511696149097,0.06528206236670554,0.09025318357666759,0.17835729066694472,0.06469486630378876,0.13184604580879186,0.0685412142087618,0.1341156939258704
214,0.03548763180813302,0.07224263181823883,0.03198932605123694,0.06416267964392539,0.08897435646602223,0.1768431162608091,0.0636944317139487,0.1306798851161589,0.06728206804418342,0.13255460992564588
215,0.034899228158016986,0.07096677099311091,0.031365523560615,0.06306119589976748,0.08771190245325854,0.17533905333036812,0.06270843049686815,0.12952250010271002,0.06604441309418194,0.13100894743049532
216,0.03432023340155158,0.06971174975039701,0.030753498966827827,0.06197736908445358,0.08646566123696386,0.17384508094296158,0.06173668633558663,0.12837385192052808,0.06482794244755184,0.12947861800703872
217,0.033750508518806656,0.06847728717544929,0.030153044842194734,0.060910958904761094,0.08523547267394661,0.17236117736868,0.0607790240781428,0.12723390139917082,0.06363235137025314,0.12796353219719114
218,0.03318991616641287,0.067263104032499,0.029563956832610917,0.05986172686789966,0.08402117682638759,0.17088732009470672,0.05983526976313954,0.12610260905642146,0.06245733737892462,0.1264635995619202
219,0.032638320670197514,0.06606892283722776,0.028986033635078578,0.05882943632279789,0.08282261400754438,0.16942348583963754,0.058905250643936036,0.12497993510892427,0.061302600310099306,0.12497872872439952
220,0.03209558801734758,0.06489446792558903,0.02841907697436873,0.057813852498870846,0.08163962482602657,0.16796965056777396,0.0579887952115002,0.12386583948270408,0.06016784238524192,0.12350882741255112
221,0.031561585848122665,0.06373946551897319,0.027862891578870952,0.0568147425423372,0.08047205022866001,0.16652578950338393,0.05708573321595536,0.12276028182356925,0.05905276827172457,0.12205380250096767
222,0.031036183447139657,0.06260364378580814,0.027317285155685243,0.05583187555015643,0.07931973154195893,0.16509187714492715,0.05619589568685398,0.12166322150739702,0.05795708513985918,0.12061356005220927
223,0.030519251734250633,0.061486732899688354,0.026782068365009428,0.05486502260165317,0.07818251051222598,0.1636678872792387,0.05531911495221184,0.1205746176502992,0.05688050271610253,0.11918800535746737
224,0.03001066325503472,0.060388465094123905,0.026257054793872553,0.053913956787897524,0.07706022934429935,0.16225379299566853,0.05445522465633489,0.11949442911866935,0.0558227333325491,0.1177770429765915
225,0.029510292170923987,0.05930857471400151,0.02574206092926327,0.05297845323890817,0.07595273073896756,0.1608495667001708,0.05360405977647147,0.11842261453910917,0.05478349197282673,0.11638057677747268
226,0.029018014248983027,0.058246798263849334,0.025236906130700714,0.0520582891487443,0.07485985792907247,0.15945518012934023,0.05276545663832177,0.11735913230823392,0.053762496314508065,0.11499850997478042
227,0.028533706851361203,0.05720287445299557,0.02474141260229261,0.05115324379855262,0.07378145471432154,0.15807060436439105,0.05193925293043626,0.11630394060235627,0.052759466768149105,0.11363074516804912
228,0.02805724892443591,0.056176544237711276,0.024255405364324727,0.050263098577633086,0.07271736549483047,0.15669580984507425,0.051125287717534315,0.11525699738704828,0.051774126513066336,0.11227718437911068
229,0.027588520987664806,0.05516755086042652,0.02377871222442329,0.049387637002587706,0.07166743530341775,0.15533076638353033,0.05032340145277404,0.11421826042658029,0.05080620152996072,0.11093772908887113
230,0.027127405122164213,0.054175639886108656,0.023311163748330272,0.048526644734614925,0.07063150983667324,0.15397544317807235,0.04953343598900384,0.11318768729323728,0.049855420630495764,0.10961228027342931
231,0.02667378495903056,0.053200559235889476,0.022852593230330707,0.047679909595011394,0.06960943548482151,0.1526298088268979,0.0487552345890257,0.11216523537651157,0.04892151548393628,0.10830073843953598
232,0.026227545667421002,0.05224205921802807,0.022402836663368286,0.04684722157894156,0.06860105936040359,0.1512938313417239,0.04798864193489994,0.11115086189217176,0.04800422064095056,0.10700300365939253
233,0.025788573942409004,0.05129989255629438,0.021961732708885195,0.046028372867535465,0.06760622932579823,0.1499674781613437,0.04723350413632067,0.11014452389120782,0.04710327355467929,0.10571897560478914
234,0.025356757992630142,0.050373814415858226,0.021529122666419858,0.04522315783837235,0.06662479401960517,0.14865071616510078,0.04648966873809076,0.10914617826865237,0.04621841459917096,0.10444855358058201
235,0.024931987527732555,0.0494635824267656,0.021104850442994923,0.044431373074408496,0.06565660288191301,0.14734351168627735,0.04575698472672443,0.10815578177227693,0.045349387085282,0.10319163655751064
236,0.02451415374564674,0.04856895670508479,0.02068876252232689,0.04365281737140509,0.06470150617847394,0.14604583052539513,0.045035302536205704,0.10717329101116464,0.04449593727413866,0.10194812320435591
237,0.024103149319687885,0.047689699871801966,0.02028070793388655,0.04288729174391186,0.06375935502380756,0.1447576379634236,0.04432447405292972,0.10619866246415839,0.04365781438825506,0.10071791191944017
238,0.023698868385504536,0.04682557706954578,0.019880538221839033,0.04213459942986015,0.0628300014032567,0.1434788987748954,0.043624352619854034,0.10523185248818412,0.04283477062039932,0.0995009008614718
239,0.023301206527885896,0.045976355977217734,0.019488107413890232,0.04139454589381916,0.06191329819401699,0.14220957724092373,0.0429347930398862,0.10427281732645063,0.042026561140299165,0.09829698797973571
240,0.022910060767440673,0.04514180682260503,0.019103271990065302,0.040666938828966395,0.06100909918516319,0.14094963716212167,0.04225565157853361,0.10332151311652478,0.041232944099274936,0.097106071043633
241,0.022525329547158766,0.044321702393049965,0.018725890851444153,0.03995158815782366,0.060117259096693756,0.13969904187141832,0.0415867859658411,0.10237789589828293,0.040453680632886214,0.09592804767157223
242,0.02214691271886803,0.04351581804424963,0.018355825288876863,0.039248306031808,0.059237633597616704,0.13845775424677156,0.040928055397640904,0.1014419216217384,0.03968853486167715,0.09476281535921599
243,0.02177471152959642,0.04272393170725686,0.017992938951701662,0.03855690682964569,0.058370079323098116,0.1372257367237742,0.04027932053613996,0.10051354615474574,0.038937273890101806,0.0936102715070865
244,0.02140862860785093,0.041945823893752766,0.017637097816486487,0.03787720715469727,0.05751445389069565,0.13600295130815096,0.03964044350986798,0.09959272529058176,0.03819966780371046,0.09247031344753345
245,0.021048567949822936,0.04118127769965978,0.017288170155814003,0.03720902583123886,0.05667061591569861,0.13478935958814553,0.039011287913009805,0.09867941475540354,0.037475489664674726,0.09134283847106958
246,0.02069443490553051,0.040430078807161506,0.016946026507129595,0.036552183899745225,0.055838425025596425,0.13358492274679382,0.03839171880414554,0.0977735702155841,0.036764515505727256,0.0902277438520772
247,0.020346136164906464,0.03969201548519542,0.01661053964166988,0.035906504611218366,0.055017741873696825,0.13238960157408364,0.03778160270441978,0.09687514728492631,0.03606652432259055,0.0891249268738918
248,0.0200035797438421,0.03896687858848183,0.01628158453348931,0.035271813420604224,0.05420842815191518,0.13120335647899725,0.037180807595163214,0.09598410153175475,0.035381298064966565,0.08803428485326666
249,0.019666674970194656,0.03825446155515205,0.01595903832860077,0.034647937979338905,0.053410346602755794,0.130026147501436,0.03658920291498677,0.09510038848588684,0.03470862162615683,0.08695571516422464
250,0.019335332469767597,0.0375545604030359,0.015642780314245486,0.034034708127065355,0.05262336103050667,0.12885793432402565,0.036006659556370293,0.09422396364548356,0.0340482828313815,0.08588911526130255
251,0.019009464152271224,0.03686697372466814,0.015332691888306896,0.033431955882559136,0.0518473363116673,0.1276986762837995,0.03543304986176546,0.09335478248377979,0.033400072424862946,0.08483438270219329
252,0.018688983197271976,0.03619150268107148,0.015028656528881737,0.032839515433902074,0.05108213840463118,0.12654833238376026,0.03486824761923321,0.09249280045569565,0.03276378405573774,0.08379141516979281
253,0.01837380404013728,0.03552795099437236,0.014730559764021508,0.03225722312794065,0.050327634358642355,0.12540686130431636,0.03431212805763542,0.09163797300432909,0.032139214262859546,0.08276011049365709
254,0.018063842357983684,0.03487612493930397,0.01443828914165617,0.031684917459065404,0.04958369232204614,0.1242742214145945,0.03376456784139913,0.09079025556733024,0.03152616245855237,0.08174036667087625
255,0.01775901505563452,0.034235833333649796,0.014151734199711281,0.031122439057346005,0.04885018154985398,0.12315037078362456,0.03322544506487272,0.08994960358315848,0.03092443091137297,0.08073208188637174
256,0.017459240251594253,0.033606887527679104,0.013870786436429512,0.030569630676056603,0.04812697241064143,0.12203526719139791,0.03269463924629122,0.0891159724972231,0.03033382472793847,0.07973515453262398
